{
  "name": "Takachi FRR-43E",
  "type": "single",
  "size": {
    "width": 36.2,
    "height": 8.9
  },
  "offset": {
    "x": 0,
    "y": 3.8
  },
  "mountHoles": [
    {
      "x": 13.3,
      "y": 5.3,
      "d": 4
    },
    {
      "x": 33.3,
      "y": 5.3,
      "d": 4
    }
  ],
  "outputName": "frr43e",
  "svg": "<g><line x1=\"26.05\" y1=\"4.89999995\" x2=\"29\" y2=\"4.89999995\"/><line x1=\"29\" y1=\"4.89999995\" x2=\"29\" y2=\"7.1\"/><line x1=\"29\" y1=\"7.1\" x2=\"27.85\" y2=\"7.1\"/><path d=\"M27.55,7.4 A0.3,0.3 0 0,1 27.85,7.1 \"/><line x1=\"27.55\" y1=\"7.4\" x2=\"27.55\" y2=\"7.9\"/><path d=\"M28.55,8.9 A1,1 0 0,1 27.55,7.9 \"/><line x1=\"36.2\" y1=\"8.9\" x2=\"36.2\" y2=\"0.2\"/><line x1=\"36.2\" y1=\"0.2\" x2=\"34.2\" y2=\"0.2\"/><line x1=\"34.2\" y1=\"0.2\" x2=\"34.2\" y2=\"3.57011561\"/><path d=\"M34.29268293,3.73888481 A0.2,0.2 0 0,1 34.2,3.57011561 \"/><line x1=\"34.30000001\" y1=\"6.85643824\" x2=\"34.30000001\" y2=\"7.5\"/><line x1=\"34.30000001\" y1=\"7.5\" x2=\"32.30000001\" y2=\"7.5\"/><line x1=\"32.30000001\" y1=\"7.5\" x2=\"32.30000001\" y2=\"6.85643824\"/><path d=\"M32.30000001,6.85643824 A1.85,1.85 0 0,1 32.22310565,3.79573987 \"/><path d=\"M32.27988972,3.53311715 A0.2,0.2 0 0,1 32.22310565,3.79573987 \"/><line x1=\"32.27988972\" y1=\"3.53311715\" x2=\"31.04833396\" y2=\"1.4\"/><line x1=\"31.04833396\" y1=\"1.4\" x2=\"28.90000001\" y2=\"1.4\"/><line x1=\"28.90000001\" y1=\"1.4\" x2=\"28.90000001\" y2=\"2.89999995\"/><line x1=\"28.90000001\" y1=\"2.89999995\" x2=\"26.05\" y2=\"2.89999995\"/><line x1=\"26.05\" y1=\"2.89999995\" x2=\"26.05\" y2=\"4.89999995\"/><path d=\"M34.29268293,3.73888481 A1.85,1.85 0 0,1 34.30000001,6.85643824 \"/><line x1=\"28.55\" y1=\"8.9\" x2=\"36.2\" y2=\"8.9\"/><line x1=\"25.35\" y1=\"2.89999995\" x2=\"25.35\" y2=\"4.89999995\"/><line x1=\"26.05\" y1=\"2.89999995\" x2=\"25.35\" y2=\"2.89999995\"/><line x1=\"25.35\" y1=\"4.89999995\" x2=\"26.05\" y2=\"4.89999995\"/><line x1=\"18.1\" y1=\"7.3\" x2=\"16.2\" y2=\"7.3\"/><line x1=\"16.2\" y1=\"7.3\" x2=\"16.2\" y2=\"0.2\"/><line x1=\"16.2\" y1=\"0.2\" x2=\"14.2\" y2=\"0.2\"/><line x1=\"14.2\" y1=\"0.2\" x2=\"14.2\" y2=\"3.57011561\"/><path d=\"M14.29268293,3.73888482 A0.2,0.2 0 0,1 14.2,3.57011561 \"/><path d=\"M14.29268293,3.73888482 A1.85,1.85 0 0,1 14.3,6.85643824 \"/><line x1=\"14.3\" y1=\"6.85643824\" x2=\"14.3\" y2=\"7.5\"/><line x1=\"14.3\" y1=\"7.5\" x2=\"12.3\" y2=\"7.5\"/><line x1=\"12.3\" y1=\"7.5\" x2=\"12.3\" y2=\"6.85643824\"/><path d=\"M12.3,6.85643824 A1.85,1.85 0 0,1 12.22310564,3.79573987 \"/><path d=\"M12.27988971,3.53311715 A0.2,0.2 0 0,1 12.22310564,3.79573987 \"/><line x1=\"12.27988971\" y1=\"3.53311715\" x2=\"10.24004357\" y2=\"0\"/><line x1=\"10.24004357\" y1=\"0\" x2=\"0\" y2=\"0\"/><line x1=\"0\" y1=\"0\" x2=\"0\" y2=\"2.15\"/><line x1=\"0\" y1=\"2.15\" x2=\"1\" y2=\"2.15\"/><line x1=\"1\" y1=\"2.15\" x2=\"1\" y2=\"1.15\"/><line x1=\"1\" y1=\"1.15\" x2=\"4\" y2=\"1.15\"/><line x1=\"4\" y1=\"1.15\" x2=\"4\" y2=\"2.15\"/><line x1=\"4\" y1=\"2.15\" x2=\"8.3\" y2=\"2.15\"/><line x1=\"8.3\" y1=\"2.15\" x2=\"8.3\" y2=\"5.45\"/><line x1=\"8.3\" y1=\"5.45\" x2=\"4\" y2=\"5.45\"/><line x1=\"4\" y1=\"5.45\" x2=\"4\" y2=\"6.45\"/><line x1=\"4\" y1=\"6.45\" x2=\"1\" y2=\"6.45\"/><line x1=\"1\" y1=\"6.45\" x2=\"1\" y2=\"5.45\"/><line x1=\"1\" y1=\"5.45\" x2=\"0\" y2=\"5.45\"/><line x1=\"0\" y1=\"5.45\" x2=\"0\" y2=\"8.9\"/><line x1=\"0\" y1=\"8.9\" x2=\"20.05\" y2=\"8.9\"/><path d=\"M21.05,7.9 A1,1 0 0,1 20.05,8.9 \"/><line x1=\"21.05\" y1=\"7.9\" x2=\"21.05\" y2=\"7.4\"/><path d=\"M20.75,7.1 A0.3,0.3 0 0,1 21.05,7.4 \"/><line x1=\"20.75\" y1=\"7.1\" x2=\"19.6\" y2=\"7.1\"/><line x1=\"22.55\" y1=\"4.89999995\" x2=\"22.55\" y2=\"2.89999995\"/><line x1=\"18.9\" y1=\"1.4\" x2=\"18.1\" y2=\"2.2\"/><line x1=\"18.1\" y1=\"2.2\" x2=\"18.1\" y2=\"7.3\"/><line x1=\"19.7\" y1=\"1.4\" x2=\"18.9\" y2=\"1.4\"/><line x1=\"19.6\" y1=\"7.1\" x2=\"19.6\" y2=\"4.89999995\"/><line x1=\"19.7\" y1=\"2.89999995\" x2=\"19.7\" y2=\"1.4\"/><line x1=\"22.55\" y1=\"2.89999995\" x2=\"19.7\" y2=\"2.89999995\"/><line x1=\"19.6\" y1=\"4.89999995\" x2=\"22.55\" y2=\"4.89999995\"/><line x1=\"23.25\" y1=\"2.89999995\" x2=\"23.25\" y2=\"4.89999995\"/><line x1=\"23.25\" y1=\"2.89999995\" x2=\"22.55\" y2=\"2.89999995\"/><line x1=\"22.55\" y1=\"4.89999995\" x2=\"23.25\" y2=\"4.89999995\"/><line x1=\"25.35\" y1=\"2.89999995\" x2=\"23.25\" y2=\"2.89999995\"/><line x1=\"23.25\" y1=\"4.89999995\" x2=\"25.35\" y2=\"4.89999995\"/></g>\n</svg>"
}