{
  "name": "Takachi FSR-43E",
  "type": "double",
  "size": {
    "width": 10.5,
    "height": 21.1
  },
  "nutInterval": 10.9,
  "offset": {
    "x": 0,
    "y": 5.1
  },
  "mountHoles": [
    {
      "x": 8.3,
      "y": 10.55,
      "d": 4
    }
  ],
  "outputName": "fsr43e",
  "svg": "<g><line x1=\"6.1\" y1=\"9.55\" x2=\"6.74356176\" y2=\"9.55\"/><path d=\"M6.74356176,9.55 A1.85,1.85 0 0,1 9.80426013,9.47310565 \"/><path d=\"M10.3,9.35668464 A0.31756731,0.31756731 0 0,1 9.80426013,9.47310565 \"/><line x1=\"9.8\" y1=\"2.5\" x2=\"10.3\" y2=\"2\"/><line x1=\"0\" y1=\"0\" x2=\"0\" y2=\"3.45\"/><line x1=\"0\" y1=\"3.45\" x2=\"1\" y2=\"3.45\"/><line x1=\"1\" y1=\"3.45\" x2=\"1\" y2=\"2.45\"/><line x1=\"1\" y1=\"7.75\" x2=\"1\" y2=\"6.75\"/><line x1=\"1\" y1=\"6.75\" x2=\"0\" y2=\"6.75\"/><line x1=\"0\" y1=\"6.75\" x2=\"0\" y2=\"9.05\"/><line x1=\"0\" y1=\"12.04999999\" x2=\"0\" y2=\"14.35\"/><line x1=\"0\" y1=\"14.35\" x2=\"1\" y2=\"14.35\"/><line x1=\"1\" y1=\"14.35\" x2=\"1\" y2=\"13.35\"/><line x1=\"1\" y1=\"18.65\" x2=\"1\" y2=\"17.65\"/><line x1=\"1\" y1=\"17.65\" x2=\"0\" y2=\"17.65\"/><line x1=\"0\" y1=\"17.65\" x2=\"0\" y2=\"21.1\"/><line x1=\"10.3\" y1=\"3.00000001\" x2=\"9.8\" y2=\"2.5\"/><line x1=\"1\" y1=\"2.45\" x2=\"4\" y2=\"2.45\"/><line x1=\"4\" y1=\"2.45\" x2=\"4\" y2=\"3.45\"/><line x1=\"4\" y1=\"3.45\" x2=\"8.4\" y2=\"3.45\"/><line x1=\"8.4\" y1=\"3.45\" x2=\"8.4\" y2=\"6.75\"/><line x1=\"8.4\" y1=\"6.75\" x2=\"4\" y2=\"6.75\"/><line x1=\"4\" y1=\"6.75\" x2=\"4\" y2=\"7.75\"/><line x1=\"4\" y1=\"7.75\" x2=\"1\" y2=\"7.75\"/><line x1=\"0\" y1=\"9.05\" x2=\"1.5\" y2=\"10.55\"/><line x1=\"1.5\" y1=\"10.55\" x2=\"0\" y2=\"12.04999999\"/><path d=\"M9.80426013,11.62689435 A1.85,1.85 0 0,1 6.74356176,11.54999999 \"/><line x1=\"6.74356176\" y1=\"11.54999999\" x2=\"6.1\" y2=\"11.54999999\"/><line x1=\"6.1\" y1=\"11.54999999\" x2=\"6.1\" y2=\"9.55\"/><line x1=\"1\" y1=\"13.35\" x2=\"4\" y2=\"13.35\"/><line x1=\"4\" y1=\"13.35\" x2=\"4\" y2=\"14.35\"/><line x1=\"4\" y1=\"14.35\" x2=\"8.4\" y2=\"14.35\"/><line x1=\"8.4\" y1=\"14.35\" x2=\"8.4\" y2=\"17.65\"/><line x1=\"8.4\" y1=\"17.65\" x2=\"4\" y2=\"17.65\"/><line x1=\"4\" y1=\"17.65\" x2=\"4\" y2=\"18.65\"/><line x1=\"4\" y1=\"18.65\" x2=\"1\" y2=\"18.65\"/><line x1=\"10.3\" y1=\"2\" x2=\"10.3\" y2=\"1\"/><path d=\"M9.3,0 A1,1 0 0,1 10.3,1 \"/><line x1=\"9.3\" y1=\"0\" x2=\"0\" y2=\"0\"/><line x1=\"0\" y1=\"21.1\" x2=\"9.3\" y2=\"21.1\"/><path d=\"M10.3,20.1 A1,1 0 0,1 9.3,21.1 \"/><line x1=\"10.3\" y1=\"20.1\" x2=\"10.3\" y2=\"19.1\"/><line x1=\"10.3\" y1=\"19.1\" x2=\"9.8\" y2=\"18.59999999\"/><line x1=\"9.8\" y1=\"18.59999999\" x2=\"10.3\" y2=\"18.09999999\"/><line x1=\"10.3\" y1=\"9.35668464\" x2=\"10.3\" y2=\"3.00000001\"/><path d=\"M9.80426013,11.62689435 A0.31756731,0.31756731 0 0,1 10.3,11.74331536 \"/><line x1=\"10.3\" y1=\"11.74331536\" x2=\"10.3\" y2=\"18.09999999\"/></g>\n</svg>"
}